capability,version,source_path_function_line,evidence_type,receipt_path_hash,tested_domain_platform_scale,result,remaining_limits
issue boundary and exact clocks,v3,N/include/shared_history/Runtime.hpp:484-549 begin_interval/finish_interval/finish,source_inspected;historical_receipt_inspected,L/final-closeout/HOST_FINAL.json,New River+Watauga;Linux ARM64 deployment;65375 historical steps/domain,Implemented;historical completion recorded,No new runtime check
live land fork and isolation,v2/v3,N/include/shared_history/Runtime.hpp:376-460;ChildOwnership.hpp:11-29,source_inspected;historical_receipt_inspected,C/provenance/preferred32_week.json,393/31 catchments;observed outstanding3/2,Within final keyed flow tolerance,v2 week binary differs from v3 production;does not prove caps11/3 fully exercised
routing snapshot restore,v1 routing/v3 driver,C/src/nextgen_reforecast/shared_history_routing_service_v1.py:250-298,source_inspected;historical_receipt_inspected,C/provenance/real_local_day_ack.json,Watauga786h;2branches,Routing-only snapshot;zero recorded comparison difference,No complete land checkpoint;restricted channel profile
transactional issue commits,v2,C/src/nextgen_reforecast/shared_history_recovery_v2.py:70-195,source_inspected,see SOURCE_VERSION_MAP.json hash inventory,18leads per configured gauge,Atomic fsynced commit and integrity verification implemented,Not a model execution or new failure test
history-only recovery planning,v2,C/src/nextgen_reforecast/shared_history_recovery_v2.py:198-231,source_inspected;historical_test_report_only,D/native/shared_history_driver/README.md:3-5,Reported Watauga20h/two children;receipt dataless,Plan preserves origin and skips verified forecast issues,Full multi-year replay and production auto-recovery not established
daily durable output custody,v3,"N/include/shared_history/Runtime.hpp:395-414,537-548;C/src/nextgen_reforecast/production_day_controller_v1.py:73-107",source_inspected;historical_receipt_inspected,C/provenance/real_local_day_ack.json,Watauga786h;2ACKs;2branches,PASS_REAL_WATAUGA_DAY_CUSTODY_V3_LOCAL_ONLY,No hydrologic state stored
branch-only perturbation,v1/v2,"D/native/shared_history_driver/README.md:3-11,78-79",historical_test_report_only,Original Watauga pulse and v2 qualification receipts UF_DATALESS,Reported20h Watauga,Reported parent/sibling unchanged,No matching receipt bytes read this turn
New River same-weather reference,v1,D/local_only/shared_history_native_prototype_v1/newriver-minso-sensitivity-qualification01/QUALIFICATION.json,historical_receipt_inspected,direct resident JSON;hash in runtime_checks.json,393catchments;20h;2branches;3modules,zero QVD differences;abs1e-6/rel1e-5,Diagnostic slope geometry;binary link unresolved in inspected receipt
portable complete checkpoint,all inspected,C/src/nextgen_reforecast/shared_history_day_shard_v1.py:232;N/include/shared_history/Runtime.hpp:528,source_inspected,state_checkpoint:false;portable_restart_proven:false,none,Not implemented/claimed in inspected path,Land process memory lost on host loss
